,Series,Episode,Name,StarDate
0,,,,
1,TOS,1-1,The Man Trap,1513.1
2,TOS,1-2,Charlie X,1533.6
3,TOS,0-0,Where No Man Has Gone Before,1312.4
4,TOS,1-3,Where No Man Has Gone Before,1312.4
5,TOS,1-4,The Naked Time,1704.2
6,TOS,1-5,The Enemy Within,1672.1
7,TOS,1-6,Mudd's Women,1329.8
8,TOS,1-7,What Are Little Girls Made Of?,2712.4
9,TOS,1-8,Miri,2713.5
10,TOS,1-9,Dagger of the Mind,2715.1
11,TOS,1-10,The Corbomite Maneuver,1512.2
12,TOS,1-11,"The Menagerie, Part I",3012.4
13,TOS,1-12,"The Menagerie, Part II",3013.1
14,TOS,1-13,The Conscience of the King,2817.6
15,TOS,1-14,Balance of Terror,1709.2
16,TOS,1-15,Shore Leave,3025.3
17,TOS,1-16,The Galileo Seven,2821.5
18,TOS,1-17,The Squire of Gothos,2124.5
19,TOS,1-18,Arena,3045.6
20,TOS,1-19,Tomorrow Is Yesterday,3113.2
21,,,,
22,TOS,1-20,Court Martial,2947.3
23,TOS,1-21,The Return of the Archons,3156.2
24,TOS,1-22,Space Seed,3141.9
25,TOS,1-23,A Taste of Armageddon,3192.1
26,TOS,1-24,This Side of Paradise,3417.3
27,TOS,1-25,The Devil in the Dark,3196.1
28,TOS,1-26,Errand of Mercy,3198.4
29,TOS,1-27,The Alternative Factor,3087.6
30,TOS,1-28,The City on the Edge of Forever,Unknown
31,TOS,1-29,Operation: Annihilate!,3287.2
32,TOS,2-30,Amok Time,3372.7
33,TOS,2-31,Who Mourns for Adonais?,3468.1
34,TOS,2-32,The Changeling,3541.9
35,TOS,2-33,"Mirror, Mirror",Unknown
36,TOS,2-34,The Apple,3715.3
37,TOS,2-35,The Doomsday Machine,4202.9
38,TOS,2-36,Catspaw,3018.2
39,TOS,2-37,"I, Mudd",4513.3
40,TOS,2-38,Metamorphosis,3219.4
41,TOS,2-39,Journey to Babel,3842.3
42,,,,
43,TOS,2-40,Friday's Child,3497.2
44,TOS,2-41,The Deadly Years,3478.2
45,TOS,2-42,Obsession,3619.2
46,TOS,2-43,Wolf in the Fold,3614.9
47,TOS,2-44,The Trouble With Tribbles,4523.3
48,TOS,2-45,The Gamesters of Triskelion,3211.7
49,TOS,2-46,A Piece of the Action,4598.0
50,TOS,2-47,The Immunity Syndrome,4307.1
51,TOS,2-48,A Private Little War,4211.4
52,TOS,2-49,Return to Tomorrow,4768.3
53,TOS,2-50,Patterns of Force,2534.0
54,TOS,2-51,By Any Other Name,4657.5
55,TOS,2-52,The Omega Glory,Unknown
56,TOS,2-53,The Ultimate Computer,4729.4
57,TOS,2-54,Bread and Circuses,4040.7
58,TOS,2-55,Assignment: Earth,Unknown
59,TOS,3-56,Spock's Brain,5431.4
60,TOS,3-57,The Enterprise Incident,5027.3
61,TOS,3-58,The Paradise Syndrome,4842.6
62,TOS,3-59,And the Children Shall Lead,5029.5
63,,,,
64,TOS,3-60,Is There in Truth No Beauty?,5630.7
65,TOS,3-61,Spectre of the Gun,4385.3
66,TOS,3-62,Day of the Dove,Unknown
67,TOS,3-63,For the World Is Hollow and I Have Touched the Sky,5476.3
68,TOS,3-64,The Tholian Web,5693.2
69,TOS,3-65,Plato's Stepchildren,5784.2
70,TOS,3-66,Wink of an Eye,5710.5
71,TOS,3-67,The Empath,5121.5
72,TOS,3-68,Elaan of Troyius,4372.5
73,TOS,3-69,Whom Gods Destroy,5718.3
74,TOS,3-70,Let That Be Your Last Battlefield,5730.2
75,TOS,3-71,The Mark of Gideon,5423.4
76,TOS,3-72,That Which Survives,Unknown
77,TOS,3-73,The Lights of Zetar,5725.3
78,TOS,3-74,Requiem for Methuselah,5843.7
79,TOS,3-75,The Way to Eden,5832.3
80,TOS,3-76,The Cloud Minders,5818.4
81,TOS,3-77,The Savage Curtain,5906.4
82,TOS,3-78,All Our Yesterdays,5943.7
83,TOS,3-79,Turnabout Intruder,5928.5
84,,,,
85,TAS,1-1,Beyond the Farthest Star,5521.3
86,TAS,1-2,Yesteryear,5373.4
87,TAS,1-3,One of Our Planets is Missing,5371.3
88,TAS,1-4,The Lorelei Signal,5483.7
89,TAS,1-5,"More Tribbles, More Troubles",5392.4
90,TAS,1-6,The Survivor,5143.3
91,TAS,1-7,The Infinite Vulcan,5554.4
92,TAS,1-8,The Magicks of Megas-tu,1254.4
93,TAS,1-9,Once Upon a Planet,5591.2
94,TAS,1-10,Mudd's Passion,4978.5
95,TAS,1-11,The Terratin Incident,5577.3
96,TAS,1-12,The Time Trap,5267.2
97,TAS,1-13,The Ambergris Element,5499.9
98,TAS,1-14,The Slaver Weapon,4187.3
99,TAS,1-15,The Eye of the Beholder,5501.2
100,TAS,1-16,The Jihad,5683.1
101,TAS,2-17,The Pirates of Orion,6334.1
102,TAS,2-18,Bem,7403.6
103,TAS,2-19,The Practical Joker,3183.3
104,TAS,2-20,Albatross,5275.6
105,,,,
106,TAS,2-21,How Sharper Than a Serpent's Tooth,6063.4
107,TAS,2-22,The Counter-Clock Incident,6770.3
108,Movie,,The Motion Picture,Unknown
109,Movie,,The Wrath of Khan,Unknown
110,Movie,,The Search for Spock,Unknown
111,Movie,,The Voyage Home,Unknown
112,TNG,1-1,Encounter at Farpoint,41153.7
113,TNG,1-2,Encounter at Farpoint,41153.7
114,TNG,1-3,The Naked Now,41209.2
115,TNG,1-4,Code of Honor,41235.25
116,TNG,1-5,The Last Outpost,41386.4
117,TNG,1-6,Where No One Has Gone Before,41263.1
118,TNG,1-7,Lonely Among Us,41249.3
119,TNG,1-8,Justice,41255.6
120,TNG,1-9,The Battle,41723.9
121,TNG,1-10,Hide and Q,41590.5
122,TNG,1-11,Haven,41294.5
123,TNG,1-12,The Big Goodbye,41997.7
124,TNG,1-13,Datalore,41242.4
125,TNG,1-14,Angel One,41636.9
126,,,,
127,TNG,1-15,11001001,41365.9
128,TNG,1-16,Too Short a Season,41309.5
129,TNG,1-17,When the Bough Breaks,41509.1
130,TNG,1-18,Home Soil,41463.9
131,TNG,1-19,Coming of Age,41416.2
132,TNG,1-20,Heart of Glory,41503.7
133,TNG,1-21,The Arsenal of Freedom,41798.2
134,TNG,1-22,Symbiosis,Unknown
135,TNG,1-23,Skin of Evil,41601.3
136,TNG,1-24,We'll Always Have Paris,41697.9
137,TNG,1-25,Conspiracy,41775.5
138,TNG,1-26,The Neutral Zone,41986.0
139,TOS,0-0,The Cage,Unknown
140,TNG,2-1,The Child,42073.1
141,TNG,2-2,Where Silence Has Lease,42193.6
142,TNG,2-3,"Elementary, Dear Data",42286.3
143,TNG,2-4,The Outrageous Okona,42402.7
144,TNG,2-5,Loud as a Whisper,42477.2
145,TNG,2-6,The Schizoid Man,42437.5
146,TNG,2-7,Unnatural Selection,42494.8
147,,,,
148,TNG,2-8,A Matter of Honor,42506.5
149,TNG,2-9,The Measure of a Man,42523.7
150,TNG,2-10,The Dauphin,42568.8
151,TNG,2-11,Contagion,42609.1
152,TNG,2-12,The Royale,42625.4
153,TNG,2-13,Time Squared,42679.2
154,TNG,2-14,The Icarus Factor,42686.4
155,TNG,2-15,Pen Pals,42695.3
156,TNG,2-16,Q Who,42761.3
157,TNG,2-17,Samaritan Snare,42779.1
158,TNG,2-18,Up the Long Ladder,42823.2
159,Movie,,The Final Frontier,Unknown
160,TNG,2-19,Manhunt,42859.2
161,TNG,2-20,The Emissary,42901.3
162,TNG,2-21,Peak Performance,42923.4
163,TNG,2-22,Shades of Gray,42976.1
164,TNG,3-1,Evolution,43125.8
165,TNG,3-2,The Ensigns of Command,43133.3
166,TNG,3-3,The Survivors,43152.4
167,TNG,3-4,Who Watches the Watchers,43173.5
168,,,,
169,TNG,3-5,The Bonding,43198.7
170,TNG,3-6,Booby Trap,43205.6
171,TNG,3-7,The Enemy,43349.2
172,TNG,3-8,The Price,43385.6
173,TNG,3-9,The Vengeance Factor,43421.9
174,TNG,3-10,The Defector,43462.5
175,TNG,3-11,The Hunted,43489.2
176,TNG,3-12,The High Ground,43510.7
177,TNG,3-13,Déjà Q,43539.1
178,TNG,3-14,A Matter of Perspective,43610.4
179,TNG,3-15,Yesterday's Enterprise,43625.2
180,TNG,3-16,The Offspring,43657.0
181,TNG,3-17,Sins of the Father,43685.2
182,TNG,3-18,Allegiance,43714.1
183,TNG,3-19,Captain's Holiday,43745.2
184,TNG,3-20,Tin Man,43779.3
185,TNG,3-21,Hollow Pursuits,43807.4
186,TNG,3-22,The Most Toys,43872.2
187,TNG,3-23,Sarek,43917.4
188,TNG,3-24,Ménage à Troi,43930.7
189,,,,
190,TNG,3-25,Transfigurations,43957.2
191,TNG,3-26,The Best of Both Worlds: Part One,43989.1
192,TNG,4-1,The Best of Both Worlds: Part Two,44001.4
193,TNG,4-2,Family,44012.3
194,TNG,4-3,Brothers,44085.7
195,TNG,4-4,Suddenly Human,44143.7
196,TNG,4-5,Remember Me,44161.2
197,TNG,4-6,Legacy,44215.2
198,TNG,4-7,Reunion,44246.3
199,TNG,4-8,Future Imperfect,44286.5
200,TNG,4-9,Final Mission,44307.3
201,TNG,4-10,The Loss,44356.9
202,TNG,4-11,Data's Day,44390.1
203,TNG,4-12,The Wounded,44429.6
204,TNG,4-13,Devil's Due,44474.5
205,TNG,4-14,Clues,44502.7
206,TNG,4-15,First Contact,Unknown
207,TNG,4-16,Galaxy's Child,44614.6
208,TNG,4-17,Night Terrors,44631.2
209,TNG,4-18,Identity Crisis,44664.5
210,,,,
211,TNG,4-19,The Nth Degree,44704.2
212,TNG,4-20,Qpid,44741.9
213,TNG,4-21,The Drumhead,44769.2
214,TNG,4-22,Half a Life,44805.3
215,TNG,4-23,The Host,44821.3
216,TNG,4-24,The Mind's Eye,44885.5
217,TNG,4-25,In Theory,44932.3
218,TNG,4-26,Redemption: Part One,44995.3
219,TNG,5-1,Redemption: Part Two,45021.3
220,TNG,5-2,Darmok,45047.2
221,TNG,5-3,Ensign Ro,45076.3
222,TNG,5-4,Silicon Avatar,45122.3
223,TNG,5-5,Disaster,45156.1
224,TNG,5-6,The Game,45208.2
225,TNG,5-7,Unification: Part One,45236.4
226,TNG,5-8,Unification: Part Two,45245.8
227,TNG,5-9,A Matter of Time,45349.1
228,Movie,,The Undiscovered Country,Unknown
229,TNG,5-10,New Ground,45376.3
230,TNG,5-11,Hero Worship,45397.3
231,,,,
232,TNG,5-12,Violations,45429.3
233,TNG,5-13,The Masterpiece Society,45470.1
234,TNG,5-14,Conundrum,45494.2
235,TNG,5-15,Power Play,45571.2
236,TNG,5-16,Ethics,45587.3
237,TNG,5-17,The Outcast,45614.6
238,TNG,5-18,Cause and Effect,45652.1
239,TNG,5-19,The First Duty,45703.9
240,TNG,5-20,Cost of Living,45733.6
241,TNG,5-21,The Perfect Mate,45761.3
242,TNG,5-22,Imaginary Friend,45852.1
243,TNG,5-23,I Borg,45854.2
244,TNG,5-24,The Next Phase,45092.4
245,TNG,5-25,The Inner Light,45944.1
246,TNG,5-26,Time's Arrow: Part One,45959.1
247,TNG,6-1,Time's Arrow: Part Two,46001.3
248,TNG,6-2,Realm of Fear,46041.1
249,TNG,6-3,Man of the People,46071.6
250,TNG,6-4,Relics,46125.3
251,TNG,6-5,Schisms,46154.2
252,,,,
253,TNG,6-6,True Q,46192.3
254,TNG,6-7,Rascals,46235.7
255,TNG,6-8,A Fistful of Datas,46271.5
256,TNG,6-9,The Quality of Life,46307.2
257,TNG,6-10,Chain of Command: Part One,46357.4
258,TNG,6-11,Chain of Command: Part Two,46360.8
259,DS9,1-1,"Emissary, Part I",46379.1
260,DS9,1-2,"Emissary, Part II",46392.7
261,DS9,1-3,Past Prologue,Unknown
262,DS9,1-4,A Man Alone,46421.5
263,DS9,1-5,Babel,46423.7
264,TNG,6-12,Ship in a Bottle,46424.1
265,DS9,1-6,Captive Pursuit,Unknown
266,TNG,6-13,Aquiel,46461.3
267,DS9,1-7,Q-Less,46531.2
268,TNG,6-14,Face of the Enemy,46519.1
269,DS9,1-8,Dax,46910.1
270,TNG,6-15,Tapestry,Unknown
271,DS9,1-9,The Passenger,Unknown
272,TNG,6-16,Birthright: Part One,46578.4
273,,,,
274,TNG,6-17,Birthright: Part Two,46759.2
275,DS9,1-10,Move Along Home,Unknown
276,DS9,1-11,The Nagus,Unknown
277,TNG,6-18,Starship Mine,46682.4
278,TNG,6-19,Lessons,46693.1
279,DS9,1-12,Vortex,Unknown
280,DS9,1-13,Battle Lines,Unknown
281,TNG,6-20,The Chase,46731.5
282,DS9,1-14,The Storyteller,46729.1
283,TNG,6-21,Frame of Mind,46778.1
284,DS9,1-15,Progress,46844.3
285,TNG,6-22,Suspicions,46830.1
286,DS9,1-16,If Wishes Were Horses,46853.2
287,TNG,6-23,Rightful Heir,46852.2
288,DS9,1-17,The Forsaken,46925.1
289,TNG,6-24,Second Chances,46915.2
290,DS9,1-18,Dramatis Personae,46922.3
291,DS9,1-19,Duet,Unknown
292,TNG,6-25,Timescape,46944.2
293,DS9,1-20,In the Hands of the Prophets,Unknown
294,,,,
295,TNG,6-26,Descent: Part One,46982.1
296,TNG,7-1,Descent: Part Two,47025.4
297,DS9,2-1,The Homecoming (Part 1),Unknown
298,TNG,7-2,Liaisons,Unknown
299,DS9,2-2,The Circle (Part 2),Unknown
300,TNG,7-3,Interface,47215.5
301,DS9,2-3,The Siege (Part 3),Unknown
302,TNG,7-4,Gambit: Part One,47135.2
303,DS9,2-4,Invasive Procedures,47182.1
304,TNG,7-5,Gambit: Part Two,47160.1
305,DS9,2-5,Cardassians,47177.2
306,TNG,7-6,Phantasms,47225.7
307,DS9,2-6,Melora,47229.1
308,TNG,7-7,Dark Page,47254.1
309,DS9,2-7,Rules of Acquisition,Unknown
310,TNG,7-8,Attached,47304.2
311,DS9,2-8,Necessary Evil,47282.5
312,TNG,7-9,Force of Nature,47310.2
313,DS9,2-9,Second Sight,47329.4
314,TNG,7-10,Inheritance,47410.2
315,,,,
316,DS9,2-10,Sanctuary,47391.2
317,TNG,7-11,Parallels,47391.2
318,DS9,2-11,Rivals,Unknown
319,DS9,2-12,The Alternate,47391.7
320,TNG,7-12,The Pegasus,47457.1
321,TNG,7-13,Homeward,47423.9
322,DS9,2-13,Armageddon Game,Unknown
323,TNG,7-14,Sub Rosa,Unknown
324,DS9,2-14,Whispers,47552.1
325,TNG,7-15,Lower Decks,47566.7
326,DS9,2-15,Paradise,47573.1
327,TNG,7-16,Thine Own Self,47611.2
328,DS9,2-16,Shadowplay,47603.3
329,TNG,7-17,Masks,47615.2
330,DS9,2-17,Playing God,Unknown
331,TNG,7-18,Eye of the Beholder,47622.1
332,DS9,2-18,Profit and Loss,Unknown
333,TNG,7-19,Genesis,47653.2
334,DS9,2-19,Blood Oath,Unknown
335,TNG,7-20,Journey's End,47751.2
336,,,,
337,DS9,2-20,"The Maquis, Part I",Unknown
338,TNG,7-21,Firstborn,47779.4
339,DS9,2-21,"The Maquis, Part II",Unknown
340,TNG,7-22,Bloodlines,47829.1
341,DS9,2-22,The Wire,Unknown
342,TNG,7-23,Emergence,47869.2
343,DS9,2-23,Crossover,Unknown
344,TNG,7-24,Preemptive Strike,47941.7
345,DS9,2-24,The Collaborator,Unknown
346,TNG,7-25,All Good Things...,47988.1
347,TNG,7-26,All Good Things...,47988.1
348,DS9,2-25,Tribunal,47944.2
349,DS9,2-26,The Jem'Hadar,Unknown
350,DS9,3-1,"The Search, Part I",48213.1
351,DS9,3-2,"The Search, Part II",48213.1
352,DS9,3-3,The House of Quark,48224.2
353,DS9,3-4,Equilibrium,48231.7
354,DS9,3-5,Second Skin,48244.5
355,DS9,3-6,The Abandoned,48301.1
356,DS9,3-7,Civil Defense,48388.8
357,,,,
358,DS9,3-8,Meridian,48423.2
359,Movie,,Generations,Unknown
360,DS9,3-9,Defiant,48467.3
361,DS9,3-10,Fascination,48441.6
362,DS9,3-11,"Past Tense, Part I",48481.2
363,DS9,3-12,"Past Tense, Part II",48481.2
364,VOY,1-1,Caretaker,48315.6
365,VOY,1-2,Caretaker,48315.6
366,VOY,1-3,Parallax,48439.7
367,VOY,1-4,Time and Again,Unknown
368,DS9,3-13,Life Support,48498.4
369,DS9,3-14,Heart of Stone,48521.5
370,VOY,1-5,Phage,48532.4
371,VOY,1-6,The Cloud,48546.2
372,DS9,3-15,Destiny,48543.2
373,DS9,3-16,Prophet Motive,48555.5
374,VOY,1-7,Eye of the Needle,48579.4
375,DS9,3-17,Visionary,48576.7
376,VOY,1-8,Ex Post Facto,Unknown
377,VOY,1-9,Emanations,48623.5
378,,,,
379,VOY,1-10,Prime Factors,48642.5
380,VOY,1-11,State of Flux,48658.2
381,DS9,3-18,Distant Voices,48592.2
382,DS9,3-19,Through the Looking Glass,48601.1
383,DS9,3-20,Improbable Cause (Part 1),48620.3
384,VOY,1-12,Heroes and Demons,48693.2
385,VOY,1-13,Cathexis,48734.2
386,DS9,3-21,The Die is Cast (Part 2),48622.5
387,VOY,1-14,Faces,48784.2
388,DS9,3-22,Explorers,48699.9
389,VOY,1-15,Jetrel,48832.1
390,DS9,3-23,Family Business,48731.2
391,VOY,1-16,Learning Curve,48846.5
392,DS9,3-24,Shakaar,48764.8
393,DS9,3-25,Facets,48959.1
394,DS9,3-26,The Adversary,48962.5
395,VOY,2-1,The 37's,48975.1
396,VOY,2-2,Initiations,49005.3
397,VOY,2-3,Projections,48892.1
398,VOY,2-4,Elogium,48921.3
399,,,,
400,VOY,2-5,Non Sequitur,49011.0
401,DS9,4-1,"The Way of the Warrior, Part I",49011.4
402,DS9,4-2,"The Way of the Warrior, Part II",49011.4
403,VOY,2-6,Twisted,Unknown
404,VOY,2-7,Parturition,49068.5
405,DS9,4-3,The Visitor,49037.7
406,DS9,4-4,Hippocratic Oath,49066.5
407,DS9,4-5,Indiscretion,49122.4
408,VOY,2-8,Persistence of Vision,49037.2
409,DS9,4-6,Rejoined,49195.5
410,DS9,4-7,Starship Down,49263.5
411,VOY,2-9,Tattoo,49211.5
412,DS9,4-8,Little Green Men,49201.3
413,VOY,2-10,Cold Fire,49164.8
414,VOY,2-11,Maneuvers,48423.0
415,DS9,4-9,The Sword of Kahless,49263.5
416,DS9,4-10,Our Man Bashir,49300.7
417,VOY,2-12,Resistance,Unknown
418,DS9,4-11,Homefront (Part 1),49170.0
419,DS9,4-12,Paradise Lost (Part 2),49482.3
420,,,,
421,VOY,2-13,Prototype,Unknown
422,VOY,2-14,Alliances,49337.4
423,DS9,4-13,Crossfire,49517.3
424,VOY,2-15,Threshold,49373.4
425,VOY,2-16,Meld,Unknown
426,DS9,4-14,Return to Grace,49534.2
427,DS9,4-15,Sons of Mogh,49556.2
428,VOY,2-17,Dreadnought,49447.0
429,DS9,4-16,Bar Association,49565.1
430,VOY,2-18,Death Wish,49301.2
431,VOY,2-19,Lifesigns,49504.3
432,DS9,4-17,Accession,49600.7
433,VOY,2-20,Investigations,49485.2
434,VOY,2-21,Deadlock,49548.7
435,VOY,2-22,Innocence,49578.2
436,DS9,4-18,Rules of Engagement,49665.3
437,DS9,4-19,Hard Time,49680.5
438,DS9,4-20,Shattered Mirror,49699.1
439,DS9,4-21,The Muse,49702.2
440,VOY,2-23,The Thaw,Unknown
441,,,,
442,DS9,4-22,For the Cause,49729.8
443,VOY,2-24,Tuvix,49655.2
444,DS9,4-23,To the Death,49904.2
445,VOY,2-25,Resolutions,49690.1
446,DS9,4-24,The Quickening,49909.7
447,VOY,2-26,"Basics, Part I",Unknown
448,DS9,4-25,Body Parts,49930.3
449,DS9,4-26,Broken Link,49962.4
450,VOY,3-1,"Basics, Part II",50023.4
451,VOY,3-2,Flashback,50126.4
452,VOY,3-3,The Chute,50156.2
453,VOY,3-4,The Swarm,50252.3
454,DS9,5-1,Apocalypse Rising,Unknown
455,VOY,3-5,False Profits,50074.3
456,DS9,5-2,The Ship,50049.3
457,VOY,3-6,Remember,50203.1
458,DS9,5-3,Looking for par'Mach in All the Wrong Places,Unknown
459,DS9,5-4,...Nor the Battle to the Strong,Unknown
460,DS9,5-5,The Assignment,Unknown
461,VOY,3-7,Sacred Ground,50063.2
462,,,,
463,DS9,5-6,Trials and Tribble-ations,4523.7
464,VOY,3-8,"Future's End, Part I",Unknown
465,DS9,5-7,Let He Who Is Without Sin...,Unknown
466,VOY,3-9,"Future's End, Part II",50312.6
467,DS9,5-8,Things Past,Unknown
468,VOY,3-10,Warlord,50348.1
469,Movie,,First Contact,Unknown
470,DS9,5-9,The Ascent,Unknown
471,VOY,3-11,The Q and the Grey,50384.2
472,VOY,3-12,Macrocosm,50425.1
473,DS9,5-10,Rapture,Unknown
474,DS9,5-11,The Darkness and the Light,50416.2
475,VOY,3-13,Fair Trade,Unknown
476,VOY,3-14,Alter Ego,50460.3
477,DS9,5-12,The Begotten,Unknown
478,VOY,3-15,Coda,50518.6
479,DS9,5-13,For the Uniform,50485.2
480,VOY,3-16,Blood Fever,50537.2
481,DS9,5-14,In Purgatory's Shadow (Part 1),Unknown
482,VOY,3-17,Unity,50614.2
483,,,,
484,DS9,5-15,By Inferno's Light (Part 2),50564.2
485,VOY,3-18,Darkling,50693.2
486,DS9,5-16,"Doctor Bashir, I Presume?",Unknown
487,VOY,3-19,Rise,Unknown
488,VOY,3-20,Favorite Son,50732.4
489,DS9,5-17,A Simple Investigation,Unknown
490,DS9,5-18,Business as Usual,Unknown
491,VOY,3-21,Before and After,Unknown
492,DS9,5-19,Ties of Blood and Water,50712.5
493,DS9,5-20,Ferengi Love Songs,Unknown
494,VOY,3-22,Real Life,50836.2
495,DS9,5-21,Soldiers of the Empire,Unknown
496,VOY,3-23,Distant Origin,Unknown
497,DS9,5-22,Children of Time,50814.2
498,VOY,3-24,Displaced,50912.4
499,DS9,5-23,Blaze of Glory,Unknown
500,VOY,3-25,Worst Case Scenario,50953.4
501,DS9,5-24,Empok Nor,Unknown
502,VOY,3-26,"Scorpion, Part I",50984.3
503,DS9,5-25,In the Cards,Unknown
504,,,,
505,DS9,5-26,Call to Arms,50975.2
506,VOY,4-1,"Scorpion, Part II",51003.7
507,VOY,4-2,The Gift,51008.0
508,VOY,4-3,Day of Honor,Unknown
509,VOY,4-4,Nemesis,51082.4
510,DS9,6-1,A Time to Stand,Unknown
511,VOY,4-5,Revulsion,51186.2
512,DS9,6-2,Rocks and Shoals,51107.2
513,VOY,4-6,The Raven,Unknown
514,DS9,6-3,Sons and Daughters,Unknown
515,DS9,6-4,Behind the Lines,51149.5
516,DS9,6-5,Favor the Bold (Part 1),Unknown
517,VOY,4-7,Scientific Method,51244.3
518,DS9,6-6,Sacrifice of Angels (Part 2),Unknown
519,VOY,4-8,"Year of Hell, Part I",51268.4
520,DS9,6-7,You are Cordially Invited...,51247.5
521,VOY,4-9,"Year of Hell, Part II",51425.4
522,DS9,6-8,Resurrection,Unknown
523,VOY,4-10,Random Thoughts,51367.2
524,DS9,6-9,Statistical Probabilities,Unknown
525,,,,
526,VOY,4-11,Concerning Flight,51386.4
527,VOY,4-12,Mortal Coil,51449.2
528,DS9,6-10,The Magnificent Ferengi,Unknown
529,DS9,6-11,Waltz,51413.6
530,VOY,4-13,Waking Moments,51471.3
531,VOY,4-14,Message in a Bottle,51462.0
532,DS9,6-12,Who Mourns for Morn?,Unknown
533,VOY,4-15,Hunters,51501.4
534,DS9,6-13,Far Beyond the Stars,Unknown
535,VOY,4-16,Prey,51652.3
536,DS9,6-14,One Little Ship,51474.2
537,VOY,4-17,Retrospect,51658.2
538,DS9,6-15,Honor Among Thieves,Unknown
539,VOY,4-18,"The Killing Game, Part I",Unknown
540,VOY,4-19,"The Killing Game, Part II",51715.2
541,DS9,6-16,Change of Heart,51597.2
542,DS9,6-17,Wrongs Darker Than Death or Night,Unknown
543,VOY,4-20,Vis à Vis,51762.4
544,DS9,6-18,Inquisition,Unknown
545,VOY,4-21,The Omega Directive,51781.2
546,,,,
547,DS9,6-19,In the Pale Moonlight,51721.3
548,VOY,4-22,Unforgettable,51813.4
549,DS9,6-20,His Way,Unknown
550,DS9,6-21,The Reckoning,Unknown
551,VOY,4-23,Living Witness,Unknown
552,VOY,4-24,Demon,Unknown
553,DS9,6-22,Valiant,51825.4
554,VOY,4-25,One,51929.3
555,DS9,6-23,Profit and Lace,Unknown
556,VOY,4-26,Hope and Fear,51978.2
557,DS9,6-24,Time's Orphan,Unknown
558,DS9,6-25,The Sound of Her Voice,51948.3
559,DS9,6-26,Tears of the Prophets,Unknown
560,DS9,7-1,Image in the Sand,Unknown
561,DS9,7-2,Shadows and Symbols,52152.6
562,VOY,5-1,Night,52081.2
563,DS9,7-3,Afterimage,Unknown
564,VOY,5-2,Drone,Unknown
565,DS9,7-4,Take Me Out to the Holosuite,Unknown
566,DS9,7-5,Chrysalis,Unknown
567,,,,
568,VOY,5-3,Extreme Risk,Unknown
569,DS9,7-6,"Treachery, Faith, and the Great River",Unknown
570,VOY,5-4,In the Flesh,52136.4
571,DS9,7-7,Once More Unto the Breach,Unknown
572,VOY,5-5,Once Upon a Time,Unknown
573,DS9,7-8,The Siege of AR-558,Unknown
574,VOY,5-6,Timeless,52143.6
575,VOY,5-7,Infinite Regress,52188.7
576,DS9,7-9,Covenant,Unknown
577,VOY,5-8,Nothing Human,Unknown
578,VOY,5-9,Thirty Days,52179.4
579,Movie,,Insurrection,Unknown
580,VOY,5-10,Counterpoint,Unknown
581,DS9,7-10,It's Only a Paper Moon,52235.7
582,DS9,7-11,Prodigal Daughter,Unknown
583,VOY,5-11,Latent Image,Unknown
584,VOY,5-12,Bride of Chaotica!,Unknown
585,VOY,5-13,Gravity,52438.9
586,DS9,7-12,The Emperor's New Cloak,Unknown
587,DS9,7-13,Field of Fire,Unknown
588,,,,
589,VOY,5-14,Bliss,52542.3
590,DS9,7-14,Chimera,Unknown
591,VOY,5-15,"Dark Frontier, Part I",52619.2
592,VOY,5-16,"Dark Frontier, Part II",52619.2
593,VOY,5-17,The Disease,Unknown
594,DS9,7-15,Badda-Bing Badda-Bang,Unknown
595,VOY,5-18,Course: Oblivion,52586.3
596,DS9,7-16,Inter Arma Enim Silent Leges,Unknown
597,VOY,5-19,The Fight,Unknown
598,VOY,5-20,Think Tank,Unknown
599,DS9,7-17,Penumbra,52576.2
600,DS9,7-18,’Til Death Do Us Part,Unknown
601,DS9,7-19,Strange Bedfellows,Unknown
602,VOY,5-21,Juggernaut,Unknown
603,DS9,7-20,The Changing Face of Evil,Unknown
604,VOY,5-22,Someone to Watch Over Me,52647.0
605,DS9,7-21,When It Rains…,Unknown
606,VOY,5-23,11:59,Unknown
607,VOY,5-24,Relativity,52861.274
608,DS9,7-22,Tacking Into the Wind,Unknown
609,,,,
610,VOY,5-25,Warhead,Unknown
611,DS9,7-23,Extreme Measures,52645.7
612,DS9,7-24,The Dogs of War,52861.3
613,VOY,5-26,"Equinox, Part I",Unknown
614,DS9,7-26,What You Leave Behind,Unknown
615,DS9,7-25,What You Leave Behind,Unknown
616,VOY,6-1,"Equinox, Part II",Unknown
617,VOY,6-2,Survival Instinct,53049.2
618,VOY,6-3,Barge of the Dead,Unknown
619,VOY,6-4,"Tinker, Tenor, Doctor, Spy",Unknown
620,VOY,6-5,Alice,Unknown
621,VOY,6-6,Riddles,53263.2
622,VOY,6-7,Dragon's Teeth,53167.9
623,VOY,6-8,One Small Step,53292.7
624,VOY,6-9,The Voyager Conspiracy,Unknown
625,VOY,6-10,Pathfinder,Unknown
626,VOY,6-11,Fair Haven,Unknown
627,VOY,6-12,Blink of an Eye,Unknown
628,VOY,6-13,Virtuoso,53556.4
629,VOY,6-14,Memorial,Unknown
630,,,,
631,VOY,6-15,Tsunkatse,53447.2
632,VOY,6-16,Collective,Unknown
633,VOY,6-17,Spirit Folk,Unknown
634,VOY,6-18,Ashes to Ashes,53679.4
635,VOY,6-19,Child's Play,Unknown
636,VOY,6-20,Good Shepherd,53753.2
637,VOY,6-21,Live Fast and Prosper,53849.2
638,VOY,6-22,Muse,53896.0
639,VOY,6-23,Fury,Unknown
640,VOY,6-24,Life Line,Unknown
641,VOY,6-25,The Haunting of Deck Twelve,Unknown
642,VOY,6-26,"Unimatrix Zero, Part I",Unknown
643,VOY,7-1,"Unimatrix Zero, Part II",54014.4
644,VOY,7-2,Imperfection,54058.6
645,VOY,7-3,Drive,54090.4
646,VOY,7-4,Repression,54129.4
647,VOY,7-5,Critical Care,Unknown
648,VOY,7-6,Inside Man,54208.3
649,VOY,7-7,Body and Soul,54238.3
650,VOY,7-8,Nightingale,54274.7
651,,,,
652,VOY,7-10,"Flesh and Blood, Part I",Unknown
653,VOY,7-9,"Flesh and Blood, Part II",54337.5
654,VOY,7-11,Shattered,Unknown
655,VOY,7-12,Lineage,54452.6
656,VOY,7-13,Repentance,Unknown
657,VOY,7-14,Prophecy,54518.2
658,VOY,7-15,The Void,54553.4
659,VOY,7-16,"Workforce, Part I",54584.3
660,VOY,7-17,"Workforce, Part II",54622.4
661,VOY,7-18,Human Error,Unknown
662,VOY,7-19,Q2,54704.5
663,VOY,7-20,"Author, Author",54732.3
664,VOY,7-21,Friendship One,54775.4
665,VOY,7-22,Natural Law,54827.7
666,VOY,7-23,Homestead,54868.6
667,VOY,7-24,Renaissance Man,54890.7
668,VOY,7-25,Endgame,54973.4
669,VOY,7-26,Endgame,54973.4
670,ENT,1-1,Broken Bow,Unknown
671,ENT,1-2,Broken Bow,Unknown
672,,,,
673,ENT,1-3,Fight or Flight,Unknown
674,ENT,1-4,Strange New World,Unknown
675,ENT,1-5,Unexpected,Unknown
676,ENT,1-6,Terra Nova,Unknown
677,ENT,1-7,The Andorian Incident,Unknown
678,ENT,1-8,Breaking the Ice,Unknown
679,ENT,1-9,Civilization,Unknown
680,ENT,1-10,Fortunate Son,Unknown
681,ENT,1-11,Cold Front,Unknown
682,ENT,1-12,Silent Enemy,Unknown
683,ENT,1-13,Dear Doctor,Unknown
684,ENT,1-14,Sleeping Dogs,Unknown
685,ENT,1-15,Shadows of P'Jem,Unknown
686,ENT,1-16,Shuttlepod One,Unknown
687,ENT,1-17,Fusion,Unknown
688,ENT,1-18,Rogue Planet,Unknown
689,ENT,1-19,Acquisition,Unknown
690,ENT,1-20,Oasis,Unknown
691,ENT,1-21,Detained,Unknown
692,ENT,1-22,Vox Sola,Unknown
693,,,,
694,ENT,1-23,Fallen Hero,Unknown
695,ENT,1-24,Desert Crossing,Unknown
696,ENT,1-25,Two Days and Two Nights,Unknown
697,ENT,1-26,"Shockwave, Part I",Unknown
698,ENT,2-1,"Shockwave, Part II",Unknown
699,ENT,2-2,Carbon Creek,Unknown
700,ENT,2-3,Minefield,Unknown
701,ENT,2-4,Dead Stop,Unknown
702,ENT,2-5,A Night In Sickbay,Unknown
703,ENT,2-6,Marauders,Unknown
704,ENT,2-7,The Seventh,Unknown
705,ENT,2-8,The Communicator,Unknown
706,ENT,2-9,Singularity,Unknown
707,ENT,2-10,Vanishing Point,Unknown
708,ENT,2-11,Precious Cargo,Unknown
709,Movie,,Nemesis,Unknown
710,ENT,2-12,The Catwalk,Unknown
711,ENT,2-13,Dawn,Unknown
712,ENT,2-14,Stigma,Unknown
713,ENT,2-15,Cease Fire,Unknown
714,,,,
715,ENT,2-16,Future Tense,Unknown
716,ENT,2-17,Canamar,Unknown
717,ENT,2-18,The Crossing,Unknown
718,ENT,2-19,Judgment,Unknown
719,ENT,2-20,Horizon,Unknown
720,ENT,2-21,The Breach,Unknown
721,ENT,2-22,Cogenitor,Unknown
722,ENT,2-23,Regeneration,Unknown
723,ENT,2-24,First Flight,Unknown
724,ENT,2-25,Bounty,Unknown
725,ENT,2-26,The Expanse,Unknown
726,ENT,3-1,The Xindi,Unknown
727,ENT,3-2,Anomaly,Unknown
728,ENT,3-3,Extinction,Unknown
729,ENT,3-4,Rajiin,Unknown
730,ENT,3-5,Impulse,Unknown
731,ENT,3-6,Exile,Unknown
732,ENT,3-7,The Shipment,Unknown
733,ENT,3-8,Twilight,Unknown
734,ENT,3-9,North Star,Unknown
735,,,,
736,ENT,3-10,Similitude,Unknown
737,ENT,3-11,Carpenter Street,Unknown
738,ENT,3-12,Chosen Realm,Unknown
739,ENT,3-13,Proving Ground,Unknown
740,ENT,3-14,Stratagem,Unknown
741,ENT,3-15,Harbinger,Unknown
742,ENT,3-16,Doctor's Orders,Unknown
743,ENT,3-17,Hatchery,Unknown
744,ENT,3-18,Azati Prime,Unknown
745,ENT,3-19,Damage,Unknown
746,ENT,3-20,The Forgotten,Unknown
747,ENT,3-21,E²,Unknown
748,ENT,3-22,The Council,Unknown
749,ENT,3-23,Countdown,Unknown
750,ENT,3-24,Zero Hour,Unknown
751,ENT,4-1,"Storm Front, Part I",Unknown
752,ENT,4-2,"Storm Front, Part II",Unknown
753,ENT,4-3,Home,Unknown
754,ENT,4-4,Borderland,Unknown
755,ENT,4-5,Cold Station 12,Unknown
756,,,,
757,ENT,4-6,The Augments,Unknown
758,ENT,4-7,The Forge,Unknown
759,ENT,4-8,Awakening,Unknown
760,ENT,4-9,Kir'Shara,Unknown
761,ENT,4-10,Daedalus,Unknown
762,ENT,4-11,Observer Effect,Unknown
763,ENT,4-12,Babel One,Unknown
764,ENT,4-13,United,Unknown
765,ENT,4-14,The Aenar,Unknown
766,ENT,4-15,Affliction,Unknown
767,ENT,4-16,Divergence,Unknown
768,ENT,4-17,Bound,Unknown
769,ENT,4-18,"In a Mirror, Darkly (Part I)",Unknown
770,ENT,4-19,"In a Mirror, Darkly (Part II)",Unknown
771,ENT,4-20,Demons,Unknown
772,ENT,4-21,Terra Prime,Unknown
773,ENT,4-22,These Are the Voyages...,Unknown
774,Movie,,Star Trek,Unknown
775,DIS,1-1,The Vulcan Hello,Unknown
776,DIS,1-2,Battle at the Binary Stars,Unknown
777,DIS,1-3,Context is for Kings,Unknown
778,DIS,1-4,The Butcher's Knife Cares Not for the Lamb's Cry,Unknown
779,DIS,1-5,Choose your Pain,Unknown
780,DIS,1-6,Lethe,Unknown
781,DIS,1-7,Magic to make the Sanest Man Go Mad,Unknown
782,DIS,1-8,"Si Vis Pacem,Para Bellum",Unknown
783,DIS,1-9,Into the Forest I Go,Unknown
784,DIS,1-10,Despite Yourself,Unknown
785,DIS,1-11,The Wolf Inside,Unknown
786,DIS,1-12,Vaulting Ambition,Unknown
787,DIS,1-13,Whats Past is Prologue,Unknown
788,DIS,1-14,"The War Without, The War Within",Unknown
789,DIS,1-15,Will You Take My Hand,Unknown
790,DIS,2-1,Brother,Unknown
791,DIS,2-2,New Eden,Unknown
792,DIS,2-3,Point of Light,Unknown
793,DIS,2-4,An Obol for Charon,Unknown
794,DIS,2-5,Saints of Imperfection,Unknown
795,DIS,2-6,The Sound of Thunder,Unknown
796,DIS,2-7,Light and Shadows,Unknown
797,DIS,2-8,If Memory Serves,Unknown
798,DIS,2-9,Project Daedalus,Unknown
799,DIS,2-10,The Red Angel,Unknown
800,DIS,2-11,Perpetual Infinity,Unknown
801,DIS,2-12,Through the Valley of Shadows,Unknown
802,DIS,2-13,Such Sweet Sorrow pt1,Unknown
803,DIS,2-14,Such Sweet Sorrow pt2,Unknown
804,PIC,1-1,Rememberance,Unknown
805,PIC,1-2,Maps and Legends,Unknown
806,PIC,1-3,The End is the Beginning,Unknown
807,PIC,1-4,Abslute Candor,Unknown
808,PIC,1-5,Stardust City Rag,Unknown
809,PIC,1-6,The Impossible Box,Unknown
810,PIC,1-7,Nepenthe,Unknown
811,PIC,1-8,Broken Pieces,Unknown
812,PIC,1-9,Et in Arcadia Ego pt1,Unknown
813,PIC,1-10,Et in Arcadia Ego pt2,Unknown
